<?xml version="1.0" encoding="UTF-8"?>
<!-- IMPORTANT: This is an internal file that has been generated
     by the Xilinx ISE software.  Any direct editing or
     changes made to this file may result in unpredictable
     behavior or data corruption.  It is strongly advised that
     users do not edit the contents of this file. -->
<DeviceUsageSummary rev="9">
<DesignStatistics TimeStamp="Mon Sep 10 00:33:29 2018"><group name="NetStatistics">
<item name="NumNets_Active" rev="2">
<attrib name="value" value="205"/></item>
<item name="NumNets_Vcc" rev="2">
<attrib name="value" value="1"/></item>
<item name="NumNodesOfType_Active_BOUNCEACROSS" rev="2">
<attrib name="value" value="5"/></item>
<item name="NumNodesOfType_Active_BOUNCEIN" rev="2">
<attrib name="value" value="35"/></item>
<item name="NumNodesOfType_Active_BUFGOUT" rev="2">
<attrib name="value" value="1"/></item>
<item name="NumNodesOfType_Active_BUFHINP2OUT" rev="2">
<attrib name="value" value="2"/></item>
<item name="NumNodesOfType_Active_CLKPIN" rev="2">
<attrib name="value" value="26"/></item>
<item name="NumNodesOfType_Active_CLKPINFEED" rev="2">
<attrib name="value" value="2"/></item>
<item name="NumNodesOfType_Active_CNTRLPIN" rev="2">
<attrib name="value" value="44"/></item>
<item name="NumNodesOfType_Active_DOUBLE" rev="2">
<attrib name="value" value="289"/></item>
<item name="NumNodesOfType_Active_GENERIC" rev="2">
<attrib name="value" value="54"/></item>
<item name="NumNodesOfType_Active_GLOBAL" rev="2">
<attrib name="value" value="13"/></item>
<item name="NumNodesOfType_Active_INPUT" rev="2">
<attrib name="value" value="3"/></item>
<item name="NumNodesOfType_Active_IOBIN2OUT" rev="2">
<attrib name="value" value="35"/></item>
<item name="NumNodesOfType_Active_IOBOUTPUT" rev="2">
<attrib name="value" value="35"/></item>
<item name="NumNodesOfType_Active_LUTINPUT" rev="2">
<attrib name="value" value="589"/></item>
<item name="NumNodesOfType_Active_OUTBOUND" rev="2">
<attrib name="value" value="195"/></item>
<item name="NumNodesOfType_Active_OUTPUT" rev="2">
<attrib name="value" value="165"/></item>
<item name="NumNodesOfType_Active_PADINPUT" rev="2">
<attrib name="value" value="17"/></item>
<item name="NumNodesOfType_Active_PADOUTPUT" rev="2">
<attrib name="value" value="19"/></item>
<item name="NumNodesOfType_Active_PINBOUNCE" rev="2">
<attrib name="value" value="109"/></item>
<item name="NumNodesOfType_Active_PINFEED" rev="2">
<attrib name="value" value="659"/></item>
<item name="NumNodesOfType_Active_QUAD" rev="2">
<attrib name="value" value="154"/></item>
<item name="NumNodesOfType_Active_REGINPUT" rev="2">
<attrib name="value" value="32"/></item>
<item name="NumNodesOfType_Active_SINGLE" rev="2">
<attrib name="value" value="393"/></item>
<item name="NumNodesOfType_Vcc_HVCCOUT" rev="2">
<attrib name="value" value="13"/></item>
<item name="NumNodesOfType_Vcc_LUTINPUT" rev="2">
<attrib name="value" value="27"/></item>
<item name="NumNodesOfType_Vcc_PINFEED" rev="2">
<attrib name="value" value="27"/></item>
</group>
<group name="MiscellaneousStatistics">
<item name="AGG_BONDED_IO" rev="9">
<attrib name="value" value="52"/></item>
<item name="AGG_IO" rev="9">
<attrib name="value" value="52"/></item>
<item name="AGG_SLICE" rev="9">
<attrib name="value" value="42"/></item>
<item name="NUM_BONDED_IOB" rev="9">
<attrib name="value" value="52"/></item>
<item name="NUM_BSFULL" rev="9">
<attrib name="value" value="31"/></item>
<item name="NUM_BSLUTONLY" rev="9">
<attrib name="value" value="88"/></item>
<item name="NUM_BSREGONLY" rev="9">
<attrib name="value" value="17"/></item>
<item name="NUM_BSUSED" rev="9">
<attrib name="value" value="136"/></item>
<item name="NUM_BUFG" rev="9">
<attrib name="value" value="1"/></item>
<item name="NUM_LOGIC_O5ANDO6" rev="9">
<attrib name="value" value="28"/></item>
<item name="NUM_LOGIC_O6ONLY" rev="9">
<attrib name="value" value="87"/></item>
<item name="NUM_LUT_RT_DRIVES_FLOP" rev="9">
<attrib name="value" value="4"/></item>
<item name="NUM_LUT_RT_EXO5" rev="9">
<attrib name="value" value="4"/></item>
<item name="NUM_SLICEL" rev="9">
<attrib name="value" value="7"/></item>
<item name="NUM_SLICEX" rev="9">
<attrib name="value" value="35"/></item>
<item name="NUM_SLICE_CARRY4" rev="9">
<attrib name="value" value="3"/></item>
<item name="NUM_SLICE_CONTROLSET" rev="9">
<attrib name="value" value="4"/></item>
<item name="NUM_SLICE_CYINIT" rev="9">
<attrib name="value" value="148"/></item>
<item name="NUM_SLICE_F7MUX" rev="9">
<attrib name="value" value="4"/></item>
<item name="NUM_SLICE_FF" rev="9">
<attrib name="value" value="64"/></item>
<item name="NUM_SLICE_UNUSEDCTRL" rev="9">
<attrib name="value" value="23"/></item>
<item name="NUM_UNUSABLE_FF_BELS" rev="9">
<attrib name="value" value="8"/></item>
</group>
<group name="SiteStatistics">
<item name="BUFG-BUFGMUX" rev="2">
<attrib name="value" value="1"/></item>
<item name="IOB-IOBM" rev="2">
<attrib name="value" value="17"/></item>
<item name="IOB-IOBS" rev="2">
<attrib name="value" value="19"/></item>
<item name="SLICEL-SLICEM" rev="2">
<attrib name="value" value="6"/></item>
<item name="SLICEX-SLICEL" rev="2">
<attrib name="value" value="5"/></item>
<item name="SLICEX-SLICEM" rev="2">
<attrib name="value" value="10"/></item>
</group>
</DesignStatistics>
<ReportConfigData TimeStamp="Thu Sep 06 10:49:27 2018"><group name="REG_SR">
<item name="CK" rev="2">
<attrib name="CK" value="49"/><attrib name="CK_INV" value="0"/></item>
<item name="LATCH_OR_FF" rev="2">
<attrib name="FF" value="49"/></item>
<item name="SRINIT" rev="2">
<attrib name="SRINIT0" value="49"/></item>
<item name="SYNC_ATTR" rev="2">
<attrib name="ASYNC" value="49"/></item>
</group>
<group name="SLICEL">
<item name="CLK" rev="2">
<attrib name="CLK" value="2"/><attrib name="CLK_INV" value="0"/></item>
</group>
<group name="IOB_OUTBUF">
<item name="DRIVEATTRBOX" rev="2">
<attrib name="12" value="17"/></item>
<item name="SLEW" rev="2">
<attrib name="SLOW" value="17"/></item>
<item name="SUSPEND" rev="2">
<attrib name="3STATE" value="17"/></item>
</group>
<group name="SLICEX">
<item name="CLK" rev="2">
<attrib name="CLK" value="24"/><attrib name="CLK_INV" value="0"/></item>
</group>
<group name="FF_SR">
<item name="CK" rev="2">
<attrib name="CK" value="15"/><attrib name="CK_INV" value="0"/></item>
<item name="SRINIT" rev="2">
<attrib name="SRINIT0" value="15"/></item>
<item name="SYNC_ATTR" rev="2">
<attrib name="ASYNC" value="15"/></item>
</group>
</ReportConfigData>
<ReportPinData TimeStamp="Thu Sep 06 10:49:27 2018"><group name="REG_SR">
<item name="CE" rev="2">
<attrib name="value" value="34"/></item>
<item name="CK" rev="2">
<attrib name="value" value="49"/></item>
<item name="D" rev="2">
<attrib name="value" value="49"/></item>
<item name="Q" rev="2">
<attrib name="value" value="49"/></item>
<item name="SR" rev="2">
<attrib name="value" value="49"/></item>
</group>
<group name="SLICEL">
<item name="A" rev="2">
<attrib name="value" value="1"/></item>
<item name="A1" rev="2">
<attrib name="value" value="1"/></item>
<item name="A2" rev="2">
<attrib name="value" value="4"/></item>
<item name="A3" rev="2">
<attrib name="value" value="5"/></item>
<item name="A4" rev="2">
<attrib name="value" value="5"/></item>
<item name="A5" rev="2">
<attrib name="value" value="5"/></item>
<item name="A6" rev="2">
<attrib name="value" value="5"/></item>
<item name="AMUX" rev="2">
<attrib name="value" value="1"/></item>
<item name="AQ" rev="2">
<attrib name="value" value="1"/></item>
<item name="B" rev="2">
<attrib name="value" value="2"/></item>
<item name="B2" rev="2">
<attrib name="value" value="4"/></item>
<item name="B3" rev="2">
<attrib name="value" value="5"/></item>
<item name="B4" rev="2">
<attrib name="value" value="5"/></item>
<item name="B5" rev="2">
<attrib name="value" value="5"/></item>
<item name="B6" rev="2">
<attrib name="value" value="5"/></item>
<item name="BQ" rev="2">
<attrib name="value" value="1"/></item>
<item name="C1" rev="2">
<attrib name="value" value="4"/></item>
<item name="C2" rev="2">
<attrib name="value" value="6"/></item>
<item name="C3" rev="2">
<attrib name="value" value="6"/></item>
<item name="C4" rev="2">
<attrib name="value" value="6"/></item>
<item name="C5" rev="2">
<attrib name="value" value="6"/></item>
<item name="C6" rev="2">
<attrib name="value" value="6"/></item>
<item name="CE" rev="2">
<attrib name="value" value="1"/></item>
<item name="CIN" rev="2">
<attrib name="value" value="2"/></item>
<item name="CLK" rev="2">
<attrib name="value" value="2"/></item>
<item name="CMUX" rev="2">
<attrib name="value" value="4"/></item>
<item name="COUT" rev="2">
<attrib name="value" value="2"/></item>
<item name="CX" rev="2">
<attrib name="value" value="4"/></item>
<item name="D1" rev="2">
<attrib name="value" value="4"/></item>
<item name="D2" rev="2">
<attrib name="value" value="6"/></item>
<item name="D3" rev="2">
<attrib name="value" value="6"/></item>
<item name="D4" rev="2">
<attrib name="value" value="6"/></item>
<item name="D5" rev="2">
<attrib name="value" value="6"/></item>
<item name="D6" rev="2">
<attrib name="value" value="6"/></item>
<item name="SR" rev="2">
<attrib name="value" value="2"/></item>
</group>
<group name="IOB_OUTBUF">
<item name="IN" rev="2">
<attrib name="value" value="17"/></item>
<item name="OUT" rev="2">
<attrib name="value" value="17"/></item>
</group>
<group name="SLICEX">
<item name="A" rev="2">
<attrib name="value" value="20"/></item>
<item name="A1" rev="2">
<attrib name="value" value="14"/></item>
<item name="A2" rev="2">
<attrib name="value" value="19"/></item>
<item name="A3" rev="2">
<attrib name="value" value="22"/></item>
<item name="A4" rev="2">
<attrib name="value" value="23"/></item>
<item name="A5" rev="2">
<attrib name="value" value="23"/></item>
<item name="A6" rev="2">
<attrib name="value" value="23"/></item>
<item name="AMUX" rev="2">
<attrib name="value" value="3"/></item>
<item name="AQ" rev="2">
<attrib name="value" value="10"/></item>
<item name="AX" rev="2">
<attrib name="value" value="7"/></item>
<item name="B" rev="2">
<attrib name="value" value="18"/></item>
<item name="B1" rev="2">
<attrib name="value" value="16"/></item>
<item name="B2" rev="2">
<attrib name="value" value="20"/></item>
<item name="B3" rev="2">
<attrib name="value" value="23"/></item>
<item name="B4" rev="2">
<attrib name="value" value="24"/></item>
<item name="B5" rev="2">
<attrib name="value" value="24"/></item>
<item name="B6" rev="2">
<attrib name="value" value="24"/></item>
<item name="BMUX" rev="2">
<attrib name="value" value="3"/></item>
<item name="BQ" rev="2">
<attrib name="value" value="13"/></item>
<item name="BX" rev="2">
<attrib name="value" value="7"/></item>
<item name="C" rev="2">
<attrib name="value" value="17"/></item>
<item name="C1" rev="2">
<attrib name="value" value="16"/></item>
<item name="C2" rev="2">
<attrib name="value" value="20"/></item>
<item name="C3" rev="2">
<attrib name="value" value="23"/></item>
<item name="C4" rev="2">
<attrib name="value" value="23"/></item>
<item name="C5" rev="2">
<attrib name="value" value="23"/></item>
<item name="C6" rev="2">
<attrib name="value" value="23"/></item>
<item name="CE" rev="2">
<attrib name="value" value="17"/></item>
<item name="CLK" rev="2">
<attrib name="value" value="24"/></item>
<item name="CMUX" rev="2">
<attrib name="value" value="6"/></item>
<item name="CQ" rev="2">
<attrib name="value" value="15"/></item>
<item name="CX" rev="2">
<attrib name="value" value="9"/></item>
<item name="D" rev="2">
<attrib name="value" value="19"/></item>
<item name="D1" rev="2">
<attrib name="value" value="8"/></item>
<item name="D2" rev="2">
<attrib name="value" value="17"/></item>
<item name="D3" rev="2">
<attrib name="value" value="22"/></item>
<item name="D4" rev="2">
<attrib name="value" value="23"/></item>
<item name="D5" rev="2">
<attrib name="value" value="23"/></item>
<item name="D6" rev="2">
<attrib name="value" value="23"/></item>
<item name="DMUX" rev="2">
<attrib name="value" value="4"/></item>
<item name="DQ" rev="2">
<attrib name="value" value="9"/></item>
<item name="DX" rev="2">
<attrib name="value" value="5"/></item>
<item name="SR" rev="2">
<attrib name="value" value="24"/></item>
</group>
<group name="BUFG_BUFG">
<item name="I0" rev="2">
<attrib name="value" value="1"/></item>
<item name="O" rev="2">
<attrib name="value" value="1"/></item>
</group>
<group name="PAD">
<item name="PAD" rev="2">
<attrib name="value" value="36"/></item>
</group>
<group name="IOB_INBUF">
<item name="OUT" rev="2">
<attrib name="value" value="19"/></item>
<item name="PAD" rev="2">
<attrib name="value" value="19"/></item>
</group>
<group name="CARRY4">
<item name="CIN" rev="2">
<attrib name="value" value="2"/></item>
<item name="CO1" rev="2">
<attrib name="value" value="1"/></item>
<item name="CO3" rev="2">
<attrib name="value" value="2"/></item>
<item name="CYINIT" rev="2">
<attrib name="value" value="1"/></item>
<item name="DI0" rev="2">
<attrib name="value" value="3"/></item>
<item name="DI1" rev="2">
<attrib name="value" value="3"/></item>
<item name="DI2" rev="2">
<attrib name="value" value="2"/></item>
<item name="DI3" rev="2">
<attrib name="value" value="2"/></item>
<item name="S0" rev="2">
<attrib name="value" value="3"/></item>
<item name="S1" rev="2">
<attrib name="value" value="3"/></item>
<item name="S2" rev="2">
<attrib name="value" value="2"/></item>
<item name="S3" rev="2">
<attrib name="value" value="2"/></item>
</group>
<group name="LUT5">
<item name="A1" rev="2">
<attrib name="value" value="16"/></item>
<item name="A2" rev="2">
<attrib name="value" value="24"/></item>
<item name="A3" rev="2">
<attrib name="value" value="25"/></item>
<item name="A4" rev="2">
<attrib name="value" value="25"/></item>
<item name="A5" rev="2">
<attrib name="value" value="13"/></item>
<item name="O5" rev="2">
<attrib name="value" value="27"/></item>
</group>
<group name="LUT6">
<item name="A1" rev="2">
<attrib name="value" value="49"/></item>
<item name="A2" rev="2">
<attrib name="value" value="94"/></item>
<item name="A3" rev="2">
<attrib name="value" value="110"/></item>
<item name="A4" rev="2">
<attrib name="value" value="115"/></item>
<item name="A5" rev="2">
<attrib name="value" value="115"/></item>
<item name="A6" rev="2">
<attrib name="value" value="115"/></item>
<item name="O6" rev="2">
<attrib name="value" value="115"/></item>
</group>
<group name="SELMUX2_1">
<item name="0" rev="2">
<attrib name="value" value="4"/></item>
<item name="1" rev="2">
<attrib name="value" value="4"/></item>
<item name="OUT" rev="2">
<attrib name="value" value="4"/></item>
<item name="S0" rev="2">
<attrib name="value" value="4"/></item>
</group>
<group name="IOB_IMUX">
<item name="I" rev="2">
<attrib name="value" value="19"/></item>
<item name="OUT" rev="2">
<attrib name="value" value="19"/></item>
</group>
<group name="IOB">
<item name="I" rev="2">
<attrib name="value" value="19"/></item>
<item name="O" rev="2">
<attrib name="value" value="17"/></item>
<item name="PAD" rev="2">
<attrib name="value" value="36"/></item>
</group>
<group name="HARD0">
<item name="0" rev="2">
<attrib name="value" value="1"/></item>
</group>
<group name="FF_SR">
<item name="CE" rev="2">
<attrib name="value" value="15"/></item>
<item name="CK" rev="2">
<attrib name="value" value="15"/></item>
<item name="D" rev="2">
<attrib name="value" value="15"/></item>
<item name="Q" rev="2">
<attrib name="value" value="15"/></item>
<item name="SR" rev="2">
<attrib name="value" value="15"/></item>
</group>
<group name="BUFG">
<item name="I0" rev="2">
<attrib name="value" value="1"/></item>
<item name="O" rev="2">
<attrib name="value" value="1"/></item>
</group>
</ReportPinData>
<CmdHistory>
</CmdHistory>
</DeviceUsageSummary>
